125, 150
125, 150
125, 150
125, 150
125, 150
125, 150
125, 150
125, 150
125, 150
125, 150
125, 150
125, 150
125, 150
125, 150
125, 150
125, 150
125, 150
125, 150
125, 150
125, 150
125, 150
125, 150
125, 150
125, 150
125, 150
125, 150
125, 150
125, 150
125, 150
125, 150
125, 150
125, 150
125, 150
125, 150
125, 150
125, 150
125, 150
125, 150
125, 150
125, 150
125, 150
125, 150
125, 150
125, 150
125, 150
125, 150
125, 150
125, 150
125, 150
125, 150
125, 150
125, 150
125, 150
125, 150
125, 150
125, 150
125, 150
125, 150
125, 150
125, 150
125, 150
125, 150
125, 150
125, 150
125, 150
